,target_taxon,abundance,probe_multiplexity,relative_abundance
0,104102,1.0,5,0.09090909090909091
1,108981,1.0,13,0.09090909090909091
2,1353,1.0,7,0.09090909090909091
3,1580,1.0,2,0.09090909090909091
4,1590,1.0,4,0.09090909090909091
5,1718,1.0,14,0.09090909090909091
6,285,1.0,11,0.09090909090909091
7,438,1.0,5,0.09090909090909091
8,564,1.0,13,0.09090909090909091
9,56459,1.0,11,0.09090909090909091
10,666,1.0,11,0.09090909090909091
